Title,Price,Rating,Availability
A Light in the Attic,Â£51.77,3,In stock
Sharp Objects,Â£47.82,4,In stock
Sapiens: A Brief History of Humankind,Â£54.23,5,In stock
The Dirty Little Secrets of Getting Your Dream Job,Â£33.34,4,In stock
"The Coming Woman: A Novel Based on the Life of the Infamous Feminist, Victoria Woodhull",Â£17.93,3,In stock
The Boys in the Boat: Nine Americans and Their Epic Quest for Gold at the 1936 Berlin Olympics,Â£22.60,4,In stock
Shakespeare's Sonnets,Â£20.66,4,In stock
Set Me Free,Â£17.46,5,In stock
Scott Pilgrim's Precious Little Life (Scott Pilgrim #1),Â£52.29,5,In stock
Rip it Up and Start Again,Â£35.02,5,In stock
"Our Band Could Be Your Life: Scenes from the American Indie Underground, 1981-1991",Â£57.25,3,In stock
"Foolproof Preserving: A Guide to Small Batch Jams, Jellies, Pickles, Condiments, and More: A Foolproof Guide to Making Small Batch Jams, Jellies, Pickles, Condiments, and More",Â£30.52,3,In stock
Chase Me (Paris Nights #2),Â£25.27,5,In stock
Black Dust,Â£34.53,5,In stock
Birdsong: A Story in Pictures,Â£54.64,3,In stock
America's Cradle of Quarterbacks: Western Pennsylvania's Football Factory from Johnny Unitas to Joe Montana,Â£22.50,3,In stock
Aladdin and His Wonderful Lamp,Â£53.13,3,In stock
Worlds Elsewhere: Journeys Around Shakespeareâs Globe,Â£40.30,5,In stock
Wall and Piece,Â£44.18,4,In stock
The Four Agreements: A Practical Guide to Personal Freedom,Â£17.66,5,In stock
The Five Love Languages: How to Express Heartfelt Commitment to Your Mate,Â£31.05,3,In stock
The Elephant Tree,Â£23.82,5,In stock
Sophie's World,Â£15.94,5,In stock
Penny Maybe,Â£33.29,3,In stock
Behind Closed Doors,Â£52.22,4,In stock
Slow States of Collapse: Poems,Â£57.31,3,In stock
Private Paris (Private #10),Â£47.61,5,In stock
#HigherSelfie: Wake Up Your Life. Free Your Soul. Find Your Tribe.,Â£23.11,5,In stock
"We Love You, Charlie Freeman",Â£50.27,5,In stock
Untitled Collection: Sabbath Poems 2014,Â£14.27,4,In stock
"Unseen City: The Majesty of Pigeons, the Discreet Charm of Snails & Other Wonders of the Urban Wilderness",Â£44.18,4,In stock
Unicorn Tracks,Â£18.78,3,In stock
Throwing Rocks at the Google Bus: How Growth Became the Enemy of Prosperity,Â£31.12,3,In stock
This One Summer,Â£19.49,4,In stock
Thirst,Â£17.27,5,In stock
The Past Never Ends,Â£56.50,4,In stock
The Natural History of Us (The Fine Art of Pretending #2),Â£45.22,3,In stock
The Nameless City (The Nameless City #1),Â£38.16,4,In stock
The Murder That Never Was (Forensic Instincts #5),Â£54.11,3,In stock
The Most Perfect Thing: Inside (and Outside) a Bird's Egg,Â£42.96,4,In stock
"The Mindfulness and Acceptance Workbook for Anxiety: A Guide to Breaking Free from Anxiety, Phobias, and Worry Using Acceptance and Commitment Therapy",Â£23.89,4,In stock
The Life-Changing Magic of Tidying Up: The Japanese Art of Decluttering and Organizing,Â£16.77,3,In stock
"The Inefficiency Assassin: Time Management Tactics for Working Smarter, Not Longer",Â£20.59,5,In stock
The Death of Humanity: and the Case for Life,Â£58.11,4,In stock
"The Bulletproof Diet: Lose up to a Pound a Day, Reclaim Energy and Focus, Upgrade Your Life",Â£49.05,3,In stock
The Art Forger,Â£40.76,3,In stock
The Activist's Tao Te Ching: Ancient Advice for a Modern Revolution,Â£32.24,5,In stock
Spark Joy: An Illustrated Master Class on the Art of Organizing and Tidying Up,Â£41.83,4,In stock
"Saga, Volume 6 (Saga (Collected Editions) #6)",Â£25.02,3,In stock
"Rat Queens, Vol. 3: Demons (Rat Queens (Collected Editions) #11-15)",Â£50.40,3,In stock
"Princess Jellyfish 2-in-1 Omnibus, Vol. 01 (Princess Jellyfish 2-in-1 Omnibus #1)",Â£13.61,5,In stock
Princess Between Worlds (Wide-Awake Princess #5),Â£13.34,5,In stock
Patience,Â£10.16,3,In stock
"Outcast, Vol. 1: A Darkness Surrounds Him (Outcast #1)",Â£15.44,4,In stock
On a Midnight Clear,Â£14.07,3,In stock
"Mama Tried: Traditional Italian Cooking for the Screwed, Crude, Vegan, and Tattooed",Â£14.02,4,In stock
"Lumberjanes, Vol. 1: Beware the Kitten Holy (Lumberjanes #1-4)",Â£45.61,3,In stock
Join,Â£35.67,5,In stock
In the Country We Love: My Family Divided,Â£22.00,4,In stock
Immunity: How Elie Metchnikoff Changed the Course of Modern Medicine,Â£57.36,5,In stock
I am a Hero Omnibus Volume 1,Â£54.63,3,In stock
Forever and Forever: The Courtship of Henry Longfellow and Fanny Appleton,Â£29.69,3,In stock
First and First (Five Boroughs #3),Â£15.97,4,In stock
Danganronpa Volume 1,Â£51.99,4,In stock
Crown of Midnight (Throne of Glass #2),Â£43.29,3,In stock
"Codename Baboushka, Volume 1: The Conclave of Death",Â£36.72,4,In stock
Camp Midnight,Â£17.08,4,In stock
Call the Nurse: True Stories of a Country Nurse on a Scottish Isle,Â£29.14,5,In stock
Burning,Â£28.81,3,In stock
"A Piece of Sky, a Grain of Rice: A Memoir in Four Meditations",Â£56.76,5,In stock
A Flight of Arrows (The Pathfinders #2),Â£55.53,5,In stock
A Fierce and Subtle Poison,Â£28.13,4,In stock
(Un)Qualified: How God Uses Broken People to Do Big Things,Â£54.00,5,In stock
You Are What You Love: The Spiritual Power of Habit,Â£21.87,4,In stock
"William Shakespeare's Star Wars: Verily, A New Hope (William Shakespeare's Star Wars #4)",Â£43.30,4,In stock
Tracing Numbers on a Train,Â£41.60,3,In stock
Throne of Glass (Throne of Glass #1),Â£35.07,3,In stock
The White Cat and the Monk: A Retelling of the Poem âPangur BÃ¡nâ,Â£58.08,4,In stock
The Vacationers,Â£42.15,4,In stock
The Third Wave: An Entrepreneurâs Vision of the Future,Â£12.61,5,In stock
The Stranger,Â£17.44,4,In stock
The Secret (The Secret #1),Â£27.37,4,In stock
The Regional Office Is Under Attack!,Â£51.36,5,In stock
The Nerdy Nummies Cookbook: Sweet Treats for the Geek in All of Us,Â£37.34,5,In stock
The Murder of Roger Ackroyd (Hercule Poirot #4),Â£44.10,4,In stock
The Mistake (Off-Campus #2),Â£43.29,3,In stock
The Kite Runner,Â£41.82,4,In stock
The Bridge to Consciousness: I'm Writing the Bridge Between Science and Our Old and New Beliefs.,Â£32.00,3,In stock
The Artist's Way: A Spiritual Path to Higher Creativity,Â£38.49,5,In stock
The Art of War,Â£33.34,5,In stock
The 10% Entrepreneur: Live Your Startup Dream Without Quitting Your Day Job,Â£27.55,3,In stock
Something More Than This,Â£16.24,4,In stock
"Shobu Samurai, Project Aryoku (#3)",Â£29.06,3,In stock
Scarlett Epstein Hates It Here,Â£43.55,5,In stock
Redeeming Love,Â£20.47,5,In stock
Poems That Make Grown Women Cry,Â£14.19,4,In stock
Mrs. Houdini,Â£30.25,5,In stock
Modern Romance,Â£28.26,5,In stock
Little Red,Â£13.47,3,In stock
Library of Souls (Miss Peregrineâs Peculiar Children #3),Â£48.56,5,In stock
I Had a Nice Time And Other Lies...: How to find love & sh*t like that,Â£57.36,4,In stock
Full Moon over Noahâs Ark: An Odyssey to Mount Ararat and Beyond,Â£49.43,4,In stock
Frostbite (Vampire Academy #2),Â£29.99,5,In stock
Finders Keepers (Bill Hodges Trilogy #2),Â£53.53,5,In stock
"Fables, Vol. 1: Legends in Exile (Fables #1)",Â£41.62,4,In stock
Eureka Trivia 6.0,Â£54.59,4,In stock
Drive: The Surprising Truth About What Motivates Us,Â£34.95,4,In stock
Done Rubbed Out (Reightman & Bailey #1),Â£37.72,5,In stock
Doing It Over (Most Likely To #1),Â£35.61,3,In stock
"Deliciously Ella Every Day: Quick and Easy Recipes for Gluten-Free Snacks, Packed Lunches, and Simple Meals",Â£42.16,3,In stock
Dark Notes,Â£19.19,5,In stock
"Daring Greatly: How the Courage to Be Vulnerable Transforms the Way We Live, Love, Parent, and Lead",Â£19.43,3,In stock
Close to You,Â£49.46,4,In stock
Big Magic: Creative Living Beyond Fear,Â£30.80,3,In stock
Batman: The Dark Knight Returns (Batman),Â£15.38,5,In stock
Anonymous,Â£46.82,4,In stock
Amy Meets the Saints and Sages,Â£18.46,3,In stock
Amatus,Â£50.54,5,In stock
Agnostic: A Spirited Manifesto,Â£12.51,5,In stock
Zealot: The Life and Times of Jesus of Nazareth,Â£24.70,3,In stock
You (You #1),Â£43.61,5,In stock
"Wonder Woman: Earth One, Volume One (Wonder Woman: Earth One #1)",Â£37.34,4,In stock
Why the Right Went Wrong: Conservatism--From Goldwater to the Tea Party and Beyond,Â£52.65,4,In stock
Whole Lotta Creativity Going On: 60 Fun and Unusual Exercises to Awaken and Strengthen Your Creativity,Â£38.20,4,In stock
Walt Disney's Alice in Wonderland,Â£12.96,5,In stock
V for Vendetta (V for Vendetta Complete),Â£37.10,4,In stock
The Wright Brothers,Â£56.80,4,In stock
The White Queen (The Cousins' War #1),Â£25.91,5,In stock
The Wedding Pact (The O'Malleys #2),Â£32.61,3,In stock
The Time Keeper,Â£27.88,5,In stock
The Testament of Mary,Â£52.67,4,In stock
The Star-Touched Queen,Â£46.02,5,In stock
The Songs of the Gods,Â£44.48,5,In stock
The Song of Achilles,Â£37.40,5,In stock
The Power of Habit: Why We Do What We Do in Life and Business,Â£16.88,3,In stock
The Marriage of Opposites,Â£28.08,4,In stock
The Literature Book (Big Ideas Simply Explained),Â£17.43,3,In stock
The Help Yourself Cookbook for Kids: 60 Easy Plant-Based Recipes Kids Can Make to Stay Healthy and Save the Earth,Â£28.77,3,In stock
The First Hostage (J.B. Collins #2),Â£25.85,3,In stock
The Darkest Lie,Â£35.35,5,In stock
The Bane Chronicles (The Bane Chronicles #1-11),Â£44.73,4,In stock
Take Me with You,Â£45.21,3,In stock
Superman Vol. 1: Before Truth (Superman by Gene Luen Yang #1),Â£11.89,5,In stock
Still Life with Bread Crumbs,Â£26.41,3,In stock
Steve Jobs,Â£39.50,5,In stock
Sorting the Beef from the Bull: The Science of Food Fraud Forensics,Â£44.74,4,In stock
Someone Like You (The Harrisons #2),Â£52.79,5,In stock
"So Cute It Hurts!!, Vol. 6 (So Cute It Hurts!! #6)",Â£35.43,4,In stock
Shtum,Â£55.84,4,In stock
See America: A Celebration of Our National Parks & Treasured Sites,Â£48.87,3,In stock
salt.,Â£46.78,4,In stock
Robin War,Â£47.82,3,In stock
Rain Fish,Â£23.57,3,In stock
"Quarter Life Poetry: Poems for the Young, Broke and Hangry",Â£50.89,5,In stock
Pet Sematary,Â£10.56,3,In stock
"Overload: How to Unplug, Unwind, and Unleash Yourself from the Pressure of Stress",Â£52.15,3,In stock
Old School (Diary of a Wimpy Kid #10),Â£11.83,5,In stock
My Mrs. Brown,Â£24.48,3,In stock
Made to Stick: Why Some Ideas Survive and Others Die,Â£38.85,5,In stock
Luis Paints the World,Â£53.95,3,In stock
Luckiest Girl Alive,Â£49.83,3,In stock
Looking for Lovely: Collecting the Moments that Matter,Â£29.14,5,In stock
"Living Leadership by Insight: A Good Leader Achieves, a Great Leader Builds Monuments",Â£46.91,4,In stock
Let It Out: A Journey Through Journaling,Â£26.79,5,In stock
Lady Midnight (The Dark Artifices #1),Â£16.28,5,In stock
I Know What I'm Doing -- and Other Lies I Tell Myself: Dispatches from a Life Under Construction,Â£25.98,4,In stock
I Am Pilgrim (Pilgrim #1),Â£10.60,4,In stock
"Hyperbole and a Half: Unfortunate Situations, Flawed Coping Mechanisms, Mayhem, and Other Things That Happened",Â£14.75,5,In stock
"Hush, Hush (Hush, Hush #1)",Â£47.02,3,In stock
Hamilton: The Revolution,Â£58.79,3,In stock
Greek Mythic History,Â£10.23,5,In stock
God: The Most Unpleasant Character in All Fiction,Â£30.03,5,In stock
Glory over Everything: Beyond The Kitchen House,Â£45.84,3,In stock
Feathers: Displays of Brilliant Plumage,Â£49.05,3,In stock
"Far & Away: Places on the Brink of Change: Seven Continents, Twenty-Five Years",Â£15.06,4,In stock
Every Last Word,Â£46.47,3,In stock
Eligible (The Austen Project #4),Â£27.09,3,In stock
El Deafo,Â£57.62,5,In stock
Eight Hundred Grapes,Â£14.39,4,In stock
"Eaternity: More than 150 Deliciously Easy Vegan Recipes for a Long, Healthy, Satisfied, Joyful Life",Â£51.75,5,In stock
Demigods & Magicians: Percy and Annabeth Meet the Kanes (Percy Jackson & Kane Chronicles Crossover #1-3),Â£37.51,5,In stock
Dear Mr. Knightley,Â£11.21,5,In stock
Cometh the Hour (The Clifton Chronicles #6),Â£25.01,3,In stock
Code Name Verity (Code Name Verity #1),Â£22.13,4,In stock
City of Glass (The Mortal Instruments #3),Â£56.02,4,In stock
City of Fallen Angels (The Mortal Instruments #4),Â£11.23,4,In stock
Cell,Â£20.29,4,In stock
Catching Jordan (Hundred Oaks),Â£50.83,3,In stock
"Carry On, Warrior: Thoughts on Life Unarmed",Â£31.85,3,In stock
Buying In: The Secret Dialogue Between What We Buy and Who We Are,Â£37.80,4,In stock
Brain on Fire: My Month of Madness,Â£49.32,5,In stock
Barefoot Contessa at Home: Everyday Recipes You'll Make Over and Over Again,Â£50.62,5,In stock
Balloon Animals,Â£17.03,3,In stock
Art Ops Vol. 1,Â£48.80,3,In stock
Aristotle and Dante Discover the Secrets of the Universe (Aristotle and Dante Discover the Secrets of the Universe #1),Â£58.14,4,In stock
Angels & Demons (Robert Langdon #1),Â£51.48,3,In stock
All the Light We Cannot See,Â£29.87,5,In stock
Abstract City,Â£56.37,5,In stock
A Time of Torment (Charlie Parker #14),Â£48.35,5,In stock
A Distant Mirror: The Calamitous 14th Century,Â£14.58,3,In stock
1491: New Revelations of the Americas Before Columbus,Â£21.80,3,In stock
"The Three Searches, Meaning, and the Story",Â£13.33,3,In stock
Rook,Â£37.86,4,In stock
Will You Won't You Want Me?,Â£13.86,3,In stock
The Star-Touched Queen,Â£32.30,5,In stock
The Silent Sister (Riley MacPherson #1),Â£46.29,5,In stock
The Gray Rhino: How to Recognize and Act on the Obvious Dangers We Ignore,Â£59.15,4,In stock
The Epidemic (The Program 0.6),Â£14.44,5,In stock
The Diary of a Young Girl,Â£59.90,3,In stock
The Children,Â£11.88,3,In stock
Snatched: How A Drug Queen Went Undercover for the DEA and Was Kidnapped By Colombian Guerillas,Â£21.21,3,In stock
Raspberry Pi Electronics Projects for the Evil Genius,Â£49.67,4,In stock
Psycho: Sanitarium (Psycho #1.5),Â£36.97,5,In stock
Poisonous (Max Revere Novels #3),Â£26.80,3,In stock
One with You (Crossfire #5),Â£15.71,4,In stock
No Love Allowed (Dodge Cove #1),Â£54.65,4,In stock
Murder at the 42nd Street Library (Raymond Ambler #1),Â£54.36,4,In stock
Most Wanted,Â£35.28,3,In stock
How to Speak Golf: An Illustrated Guide to Links Lingo,Â£58.32,5,In stock
Furiously Happy: A Funny Book About Horrible Things,Â£41.46,4,In stock
Everyday Italian: 125 Simple and Delicious Recipes,Â£20.10,5,In stock
Eleanor & Park,Â£56.51,5,In stock
Dirty (Dive Bar #1),Â£40.83,4,In stock
Boar Island (Anna Pigeon #19),Â£59.48,3,In stock
A Paris Apartment,Â£39.01,4,In stock
"The Sleep Revolution: Transforming Your Life, One Night at a Time",Â£11.68,4,In stock
The Art of Startup Fundraising,Â£21.00,3,In stock
Take Me Home Tonight (Rock Star Romance #3),Â£53.98,3,In stock
Playing with Fire,Â£13.71,3,In stock
Off the Hook (Fishing for Trouble #1),Â£47.67,3,In stock
"Mother, Can You Not?",Â£16.89,5,In stock
Keep Me Posted,Â£20.46,4,In stock
It Didn't Start with You: How Inherited Family Trauma Shapes Who We Are and How to End the Cycle,Â£56.27,3,In stock
Grey (Fifty Shades #4),Â£48.49,4,In stock
"Exit, Pursued by a Bear",Â£51.34,4,In stock
Daredevils,Â£16.34,3,In stock
Cravings: Recipes for What You Want to Eat,Â£20.50,3,In stock
Born for This: How to Find the Work You Were Meant to Do,Â£21.59,5,In stock
Arena,Â£21.36,4,In stock
Adultery,Â£20.88,5,In stock
A Mother's Reckoning: Living in the Aftermath of Tragedy,Â£19.53,3,In stock
A Gentleman's Position (Society of Gentlemen #3),Â£14.75,5,In stock
11/22/63,Â£48.48,3,In stock
10-Day Green Smoothie Cleanse: Lose Up to 15 Pounds in 10 Days!,Â£49.71,5,In stock
Without Shame,Â£48.27,5,In stock
Watchmen,Â£58.05,4,In stock
Unlimited Intuition Now,Â£58.87,4,In stock
The New Brand You: Your New Image Makes the Sale for You,Â£44.05,5,In stock
"The Moosewood Cookbook: Recipes from Moosewood Restaurant, Ithaca, New York",Â£12.34,4,In stock
The Book of Mormon,Â£24.57,3,In stock
The Art and Science of Low Carbohydrate Living,Â£52.98,5,In stock
Suzie Snowflake: One beautiful flake (a self-esteem story),Â£54.81,5,In stock
"NaNo What Now? Finding your editing process, revising your NaNoWriMo book and building a writing career through publishing and beyond",Â£10.41,4,In stock
"Fruits Basket, Vol. 9 (Fruits Basket #9)",Â£33.95,4,In stock
Dress Your Family in Corduroy and Denim,Â£43.68,3,In stock
Art and Fear: Observations on the Perils (and Rewards) of Artmaking,Â£48.63,4,In stock
A Shard of Ice (The Black Symphony Saga #1),Â£56.63,3,In stock
A Hero's Curse (The Unseen Chronicles #1),Â£50.49,3,In stock
"Zero to One: Notes on Startups, or How to Build the Future",Â£34.06,3,In stock
The Unlikely Pilgrimage of Harold Fry (Harold Fry #1),Â£43.62,5,In stock
The New Drawing on the Right Side of the Brain,Â£43.02,3,In stock
"The Midnight Assassin: Panic, Scandal, and the Hunt for America's First Serial Killer",Â£28.45,4,In stock
Smarter Faster Better: The Secrets of Being Productive in Life and Business,Â£38.89,5,In stock
Silence in the Dark (Logan Point #4),Â£58.33,3,In stock
Shadows of the Past (Logan Point #1),Â£39.67,5,In stock
Roller Girl,Â£14.10,5,In stock
Rising Strong,Â£21.82,3,In stock
Please Kill Me: The Uncensored Oral History of Punk,Â£31.19,4,In stock
Out of Print: City Lights Spotlight No. 14,Â£53.64,5,In stock
My Life Next Door (My Life Next Door ),Â£36.39,5,In stock
Man's Search for Meaning,Â£29.48,3,In stock
Living Forward: A Proven Plan to Stop Drifting and Get the Life You Want,Â£12.55,3,In stock
Les Fleurs du Mal,Â£29.04,5,In stock
Kill 'Em and Leave: Searching for James Brown and the American Soul,Â£45.05,5,In stock
John Vassos: Industrial Design for Modern Life,Â£20.22,4,In stock
Hystopia: A Novel,Â£21.96,4,In stock
History of Beauty,Â£10.29,4,In stock
Future Shock (Future Shock #1),Â£55.65,5,In stock
Death by Leisure: A Cautionary Tale,Â£37.51,4,In stock
Brilliant Beacons: A History of the American Lighthouse,Â£11.45,3,In stock
Between the World and Me,Â£56.91,4,In stock
Being Mortal: Medicine and What Matters in the End,Â£55.06,4,In stock
"A Murder Over a Girl: Justice, Gender, Junior High",Â£13.20,3,In stock
"""Most Blessed of the Patriarchs"": Thomas Jefferson and the Empire of the Imagination",Â£44.48,5,In stock
You Are a Badass: How to Stop Doubting Your Greatness and Start Living an Awesome Life,Â£12.08,3,In stock
What Happened on Beale Street (Secrets of the South Mysteries #2),Â£25.37,5,In stock
Under the Tuscan Sun,Â£37.33,3,In stock
The Whale,Â£35.96,4,In stock
The Story of Art,Â£41.14,4,In stock
The Origin of Species,Â£10.01,4,In stock
The Great Gatsby,Â£36.05,4,In stock
The Good Girl,Â£49.03,3,In stock
The Drowning Girls,Â£35.67,3,In stock
The Constant Princess (The Tudor Court #1),Â£16.62,3,In stock
The Bourne Identity (Jason Bourne #1),Â£42.78,4,In stock
The Bachelor Girl's Guide to Murder (Herringford and Watts Mysteries #1),Â£52.30,5,In stock
The 7 Habits of Highly Effective People: Powerful Lessons in Personal Change,Â£33.17,4,In stock
Team of Rivals: The Political Genius of Abraham Lincoln,Â£20.12,5,In stock
"Sit, Stay, Love",Â£20.90,3,In stock
Sister Dear,Â£40.20,4,In stock
"Shrunken Treasures: Literary Classics, Short, Sweet, and Silly",Â£52.87,3,In stock
Nightstruck: A Novel,Â£50.35,4,In stock
"Naturally Lean: 125 Nourishing Gluten-Free, Plant-Based Recipes--All Under 300 Calories",Â£11.38,5,In stock
Meternity,Â£43.58,3,In stock
Memoirs of a Geisha,Â£49.67,3,In stock
Life of Pi,Â£13.22,4,In stock
Leave This Song Behind: Teen Poetry at Its Best,Â£51.17,5,In stock
King's Folly (The Kinsman Chronicles #1),Â£39.61,5,In stock
John Adams,Â£57.43,4,In stock
How to Cook Everything Vegetarian: Simple Meatless Recipes for Great Food (How to Cook Everything),Â£46.01,4,In stock
Good in Bed (Cannie Shapiro #1),Â£37.05,5,In stock
For the Love: Fighting for Grace in a World of Impossible Standards,Â£45.13,3,In stock
Every Heart a Doorway (Every Heart A Doorway #1),Â£12.16,5,In stock
Delivering the Truth (Quaker Midwife Mystery #1),Â£20.89,4,In stock
Counted With the Stars (Out from Egypt #1),Â£17.97,5,In stock
Benjamin Franklin: An American Life,Â£48.19,3,In stock
"At The Existentialist CafÃ©: Freedom, Being, and apricot cocktails with: Jean-Paul Sartre, Simone de Beauvoir, Albert Camus, Martin Heidegger, Edmund Husserl, Karl Jaspers, Maurice Merleau-Ponty and others",Â£29.93,5,In stock
A Short History of Nearly Everything,Â£52.40,5,In stock
A Gathering of Shadows (Shades of Magic #2),Â£44.81,4,In stock
The Sound Of Love,Â£57.84,5,In stock
The Perks of Being a Wallflower,Â£55.02,3,In stock
The Mysterious Affair at Styles (Hercule Poirot #1),Â£24.80,4,In stock
The Man Who Mistook His Wife for a Hat and Other Clinical Tales,Â£59.45,4,In stock
The Joy of Cooking,Â£43.27,4,In stock
The Hobbit (Middle-Earth Universe),Â£17.80,5,In stock
The God Delusion,Â£46.85,3,In stock
The Collected Poems of W.B. Yeats (The Collected Works of W.B. Yeats #1),Â£15.42,5,In stock
The Barefoot Contessa Cookbook,Â£59.92,5,In stock
Ship Leaves Harbor: Essays on Travel by a Recovering Journeyman,Â£30.60,3,In stock
Pride and Prejudice,Â£19.27,4,In stock
Mere Christianity,Â£48.51,3,In stock
In Cold Blood,Â£49.98,4,In stock
How to Stop Worrying and Start Living,Â£46.49,5,In stock
"Girl, Interrupted",Â£42.14,3,In stock
Fun Home: A Family Tragicomic,Â£56.59,4,In stock
"Fruits Basket, Vol. 6 (Fruits Basket #6)",Â£20.96,4,In stock
Deception Point,Â£40.32,4,In stock
"Death Note, Vol. 6: Give-and-Take (Death Note #6)",Â£36.39,3,In stock
Catherine the Great: Portrait of a Woman,Â£58.55,4,In stock
Better Homes and Gardens New Cook Book,Â£39.61,3,In stock
An Unquiet Mind: A Memoir of Moods and Madness,Â£21.30,3,In stock
A Year in Provence (Provence #1),Â£56.88,4,In stock
World Without End (The Pillars of the Earth #2),Â£32.97,4,In stock
"Will Grayson, Will Grayson (Will Grayson, Will Grayson)",Â£47.31,4,In stock
Where She Went (If I Stay #2),Â£41.73,4,In stock
What If?: Serious Scientific Answers to Absurd Hypothetical Questions,Â£53.68,4,In stock
The Secret Garden,Â£15.08,4,In stock
The Raven Boys (The Raven Cycle #1),Â£57.74,4,In stock
The Power Greens Cookbook: 140 Delicious Superfood Recipes,Â£11.05,5,In stock
The Mathews Men: Seven Brothers and the War Against Hitler's U-boats,Â£42.91,5,In stock
The Little Paris Bookshop,Â£24.73,3,In stock
The Hiding Place,Â£55.91,4,In stock
The Grand Design,Â£13.76,3,In stock
The Firm,Â£45.56,3,In stock
The False Prince (The Ascendance Trilogy #1),Â£56.00,5,In stock
The Darkest Corners,Â£11.33,5,In stock
The Crossover,Â£38.77,4,In stock
Tell the Wind and Fire,Â£45.51,3,In stock
Talking to Girls About Duran Duran: One Young Man's Quest for True Love and a Cooler Haircut,Â£25.15,4,In stock
Siddhartha,Â£34.22,5,In stock
Shiver (The Wolves of Mercy Falls #1),Â£16.23,5,In stock
Remember Me?,Â£11.48,3,In stock
Red Dragon (Hannibal Lecter #1),Â£23.37,3,In stock
My Mother Was Nuts,Â£31.63,4,In stock
Mexican Today: New and Rediscovered Recipes for Contemporary Kitchens,Â£24.91,5,In stock
Lola and the Boy Next Door (Anna and the French Kiss #2),Â£23.63,4,In stock
Last One Home (New Beginnings #1),Â£59.98,3,In stock
Killing Floor (Jack Reacher #1),Â£31.49,4,In stock
Kill the Boy Band,Â£15.52,5,In stock
Isla and the Happily Ever After (Anna and the French Kiss #3),Â£48.13,5,In stock
If I Stay (If I Stay #1),Â£38.13,5,In stock
Dracula the Un-Dead,Â£35.63,5,In stock
Digital Fortress,Â£58.00,5,In stock
"Data, A Love Story: How I Gamed Online Dating to Meet My Match",Â£32.35,3,In stock
Booked,Â£17.49,5,In stock
"Blue Lily, Lily Blue (The Raven Cycle #3)",Â£34.13,5,In stock
Approval Junkie: Adventures in Caring Too Much,Â£58.81,5,In stock
An Abundance of Katherines,Â£10.00,5,In stock
Alight (The Generations Trilogy #2),Â£58.59,4,In stock
A Feast for Crows (A Song of Ice and Fire #4),Â£17.21,4,In stock
A Clash of Kings (A Song of Ice and Fire #2),Â£10.79,3,In stock
Vogue Colors A to Z: A Fashion Coloring Book,Â£52.35,4,In stock
The Shining (The Shining #1),Â£27.88,3,In stock
The Perfect Play (Play by Play #1),Â£59.99,3,In stock
The Passion of Dolssa,Â£28.32,5,In stock
The Jazz of Physics: The Secret Link Between Music and the Structure of the Universe,Â£38.71,3,In stock
The Hunger Games (The Hunger Games #1),Â£29.85,5,In stock
The Gunning of America: Business and the Making of American Gun Culture,Â£16.81,4,In stock
The Bone Hunters (Lexy Vaughan & Steven Macaulay #2),Â£59.71,3,In stock
The Beast (Black Dagger Brotherhood #14),Â£46.08,5,In stock
Some Women,Â£13.73,5,In stock
Shopaholic Ties the Knot (Shopaholic #3),Â£48.39,5,In stock
Paper and Fire (The Great Library #2),Â£49.45,5,In stock
Outlander (Outlander #1),Â£19.67,5,In stock
"Orchestra of Exiles: The Story of Bronislaw Huberman, the Israel Philharmonic, and the One Thousand Jews He Saved from Nazi Horrors",Â£12.36,3,In stock
No One Here Gets Out Alive,Â£20.02,5,In stock
Night Shift (Night Shift #1-20),Â£12.75,4,In stock
Needful Things,Â£47.51,4,In stock
Mockingjay (The Hunger Games #3),Â£20.44,4,In stock
Little Women (Little Women #1),Â£28.07,4,In stock
It,Â£25.01,3,In stock
Harry Potter and the Sorcerer's Stone (Harry Potter #1),Â£13.90,3,In stock
Harry Potter and the Prisoner of Azkaban (Harry Potter #3),Â£24.17,4,In stock
Harry Potter and the Order of the Phoenix (Harry Potter #5),Â£31.63,4,In stock
Harry Potter and the Half-Blood Prince (Harry Potter #6),Â£48.75,5,In stock
Gone with the Wind,Â£32.49,3,In stock
"Fruits Basket, Vol. 4 (Fruits Basket #4)",Â£50.44,4,In stock
Changing the Game (Play by Play #2),Â£13.38,3,In stock
Candide,Â£58.63,3,In stock
Atlas Shrugged,Â£26.58,5,In stock
Animal Farm,Â£57.22,3,In stock
A New Earth: Awakening to Your Life's Purpose,Â£55.65,5,In stock
'Salem's Lot,Â£49.56,4,In stock
Wuthering Heights,Â£17.73,3,In stock
Wild: From Lost to Found on the Pacific Crest Trail,Â£46.02,3,In stock
When You Are Engulfed in Flames,Â£30.89,5,In stock
We the People: The Modern-Day Figures Who Have Reshaped and Affirmed the Founding Fathers' Vision of America,Â£31.95,3,In stock
Walk the Edge (Thunder Road #2),Â£32.36,3,In stock
Voyager (Outlander #3),Â£21.07,5,In stock
Very Good Lives: The Fringe Benefits of Failure and the Importance of Imagination,Â£50.66,3,In stock
Three-Martini Lunch,Â£23.21,3,In stock
The Wild Robot,Â£56.07,3,In stock
"The Wicked + The Divine, Vol. 3: Commercial Suicide (The Wicked + The Divine)",Â£14.41,3,In stock
The Undomestic Goddess,Â£45.75,4,In stock
The Silkworm (Cormoran Strike #2),Â£23.05,5,In stock
"The Sandman, Vol. 3: Dream Country (The Sandman (volumes) #3)",Â£55.55,5,In stock
The Rose & the Dagger (The Wrath and the Dawn #2),Â£58.64,4,In stock
The Rise of Theodore Roosevelt (Theodore Roosevelt #1),Â£42.57,3,In stock
The Red Tent,Â£35.66,5,In stock
The Purpose Driven Life: What on Earth Am I Here for?,Â£37.19,3,In stock
The Paris Wife,Â£36.80,3,In stock
The Nightingale,Â£26.26,4,In stock
The New Guy (and Other Senior Year Distractions),Â£44.92,3,In stock
The Nanny Diaries (Nanny #1),Â£52.53,5,In stock
The Lonely Ones,Â£43.59,5,In stock
The Lean Startup: How Today's Entrepreneurs Use Continuous Innovation to Create Radically Successful Businesses,Â£33.92,3,In stock
"The Land of 10,000 Madonnas",Â£29.64,4,In stock
The Husband's Secret,Â£52.51,5,In stock
The Hitchhiker's Guide to the Galaxy (Hitchhiker's Guide to the Galaxy #1),Â£47.80,3,In stock
The Goldfinch,Â£43.58,3,In stock
The Girl with All the Gifts,Â£49.47,3,In stock
The Exiled,Â£43.45,3,In stock
"The End of Faith: Religion, Terror, and the Future of Reason",Â£22.13,4,In stock
"The Elegant Universe: Superstrings, Hidden Dimensions, and the Quest for the Ultimate Theory",Â£13.03,4,In stock
"The Disappearing Spoon: And Other True Tales of Madness, Love, and the History of the World from the Periodic Table of the Elements",Â£57.35,5,In stock
The Demon-Haunted World: Science as a Candle in the Dark,Â£52.25,4,In stock
The Day the Crayons Came Home (Crayons),Â£26.33,5,In stock
The Complete Stories and Poems (The Works of Edgar Allan Poe [Cameo Edition]),Â£26.78,4,In stock
The Complete Poems,Â£41.32,5,In stock
The Book of Basketball: The NBA According to The Sports Guy,Â£44.84,5,In stock
The Blind Side: Evolution of a Game,Â£53.71,5,In stock
"The Art of Simple Food: Notes, Lessons, and Recipes from a Delicious Revolution",Â£34.32,3,In stock
Stiff: The Curious Lives of Human Cadavers,Â£36.74,3,In stock
Something Borrowed (Darcy & Rachel #1),Â£48.96,5,In stock
Seven Brief Lessons on Physics,Â£30.60,4,In stock
Scarlet (The Lunar Chronicles #2),Â£14.57,4,In stock
"Saga, Volume 3 (Saga (Collected Editions) #3)",Â£21.57,5,In stock
Running with Scissors,Â£12.91,4,In stock
Rogue Lawyer (Rogue Lawyer #1),Â£50.11,3,In stock
"Rise of the Rocket Girls: The Women Who Propelled Us, from Missiles to the Moon to Mars",Â£41.67,4,In stock
Reservations for Two,Â£11.10,3,In stock
Red: The True Story of Red Riding Hood,Â£28.54,3,In stock
Ready Player One,Â£19.07,4,In stock
Prodigy: The Graphic Novel (Legend: The Graphic Novel #2),Â£43.63,3,In stock
Original Fake,Â£31.45,3,In stock
Neither Here nor There: Travels in Europe,Â£38.95,3,In stock
Naked,Â£31.69,3,In stock
Lila (Gilead #3),Â£12.47,3,In stock
Life Without a Recipe,Â£59.04,5,In stock
Legend (Legend #1),Â£43.69,4,In stock
"Lamb: The Gospel According to Biff, Christ's Childhood Pal",Â£55.50,5,In stock
Lady Renegades (Rebel Belle #3),Â£53.04,5,In stock
Is Everyone Hanging Out Without Me? (And Other Concerns),Â£20.11,3,In stock
Into the Wild,Â£56.70,5,In stock
Inferno (Robert Langdon #4),Â£41.00,5,In stock
"In the Garden of Beasts: Love, Terror, and an American Family in Hitler's Berlin",Â£28.85,3,In stock
If I Run (If I Run #1),Â£49.97,4,In stock
Hungry Girl Clean & Hungry: Easy All-Natural Recipes for Healthy Eating in the Real World,Â£33.14,3,In stock
Heir to the Sky,Â£44.07,4,In stock
Green Eggs and Ham (Beginner Books B-16),Â£10.79,4,In stock
Gratitude,Â£26.66,5,In stock
Gone Girl,Â£37.60,5,In stock
Golden (Heart of Dread #3),Â£42.21,4,In stock
"Friday Night Lights: A Town, a Team, and a Dream",Â£51.22,3,In stock
Fire Bound (Sea Haven/Sisters of the Heart #5),Â£21.28,4,In stock
Fifty Shades Freed (Fifty Shades #3),Â£15.36,5,In stock
Extreme Prey (Lucas Davenport #26),Â£25.40,3,In stock
Eragon (The Inheritance Cycle #1),Â£43.87,3,In stock
Dracula,Â£52.62,3,In stock
Disrupted: My Misadventure in the Start-Up Bubble,Â£15.28,5,In stock
Dead Wake: The Last Crossing of the Lusitania,Â£39.24,5,In stock
Dark Places,Â£23.90,5,In stock
Crazy Rich Asians (Crazy Rich Asians #1),Â£49.13,5,In stock
Breaking Dawn (Twilight #4),Â£35.28,5,In stock
Brave Enough,Â£51.32,5,In stock
Boy Meets Boy,Â£21.12,3,In stock
Blink: The Power of Thinking Without Thinking,Â£21.74,5,In stock
Between Shades of Gray,Â£20.79,5,In stock
Beautiful Creatures (Caster Chronicles #1),Â£21.55,5,In stock
Ash,Â£22.06,4,In stock
Are We There Yet?,Â£10.66,3,In stock
Annie on My Mind,Â£36.83,5,In stock
A Walk in the Woods: Rediscovering America on the Appalachian Trail,Â£30.48,4,In stock
A Visit from the Goon Squad,Â£14.08,5,In stock
A Heartbreaking Work of Staggering Genius,Â£54.29,5,In stock
The Sense of an Ending,Â£31.38,3,In stock
The Course of Love,Â£16.78,3,In stock
"Saga, Volume 2 (Saga (Collected Editions) #2)",Â£11.75,3,In stock
New Moon (Twilight #2),Â£12.86,4,In stock
Life,Â£31.58,5,In stock
Kindle Paperwhite User's Guide,Â£34.00,3,In stock
H is for Hawk,Â£57.42,5,In stock
"Fruits Basket, Vol. 2 (Fruits Basket #2)",Â£11.64,5,In stock
Diary of a Minecraft Zombie Book 1: A Scare of a Dare (An Unofficial Minecraft Book),Â£52.88,4,In stock
"Y: The Last Man, Vol. 1: Unmanned (Y: The Last Man #1)",Â£18.51,4,In stock
While You Were Mine,Â£41.32,5,In stock
Where Lightning Strikes (Bleeding Stars #3),Â£39.77,3,In stock
When I'm Gone,Â£51.96,3,In stock
Ways of Seeing,Â£39.51,5,In stock
Twenty Love Poems and a Song of Despair,Â£30.95,4,In stock
Travels with Charley: In Search of America,Â£57.82,5,In stock
The Zombie Room,Â£19.69,5,In stock
The Tumor,Â£41.56,5,In stock
The Story of Hong Gildong,Â£43.19,4,In stock
The Silent Wife,Â£12.34,5,In stock
The Silent Twin (Detective Jennifer Knight #3),Â£36.25,3,In stock
The Secret Healer,Â£34.56,3,In stock
"The Sandman, Vol. 1: Preludes and Nocturnes (The Sandman (volumes) #1)",Â£54.12,3,In stock
The Republic,Â£33.78,3,In stock
The Odyssey,Â£29.64,3,In stock
The No. 1 Ladies' Detective Agency (No. 1 Ladies' Detective Agency #1),Â£57.70,4,In stock
The Name of the Wind (The Kingkiller Chronicle #1),Â£50.59,3,In stock
The Hook Up (Game On #1),Â£36.29,5,In stock
The Haters,Â£27.89,5,In stock
The Girl You Lost,Â£12.29,5,In stock
The Girl In The Ice (DCI Erika Foster #1),Â£15.85,3,In stock
The Edge of Reason (Bridget Jones #2),Â£19.18,4,In stock
The Complete Maus (Maus #1-2),Â£10.64,3,In stock
The Communist Manifesto,Â£14.76,3,In stock
The Bhagavad Gita,Â£57.49,3,In stock
The Bette Davis Club,Â£30.66,3,In stock
The Art of Not Breathing,Â£40.83,4,In stock
Starlark,Â£25.83,3,In stock
"Skip Beat!, Vol. 01 (Skip Beat! #1)",Â£42.12,3,In stock
Sister Sable (The Mad Queen #1),Â£13.33,3,In stock
Shameless,Â£58.35,3,In stock
Shadow Rites (Jane Yellowrock #10),Â£21.72,4,In stock
"Rat Queens, Vol. 1: Sass & Sorcery (Rat Queens (Collected Editions) #1-5)",Â£46.96,5,In stock
"Paper Girls, Vol. 1 (Paper Girls #1-5)",Â£21.71,4,In stock
"Ouran High School Host Club, Vol. 1 (Ouran High School Host Club #1)",Â£29.87,3,In stock
On the Road (Duluoz Legend),Â£32.36,3,In stock
Off Sides (Off #1),Â£39.45,5,In stock
Myriad (Prentor #1),Â£58.75,4,In stock
"Ms. Marvel, Vol. 1: No Normal (Ms. Marvel (2014-2015) #1)",Â£39.39,4,In stock
Lost Among the Living,Â£27.70,4,In stock
Lord of the Flies,Â£24.89,3,In stock
Listen to Me (Fusion #1),Â£58.99,3,In stock
Kitchens of the Great Midwest,Â£57.20,5,In stock
Jane Eyre,Â£38.43,5,In stock
Imperfect Harmony,Â£34.74,4,In stock
Icing (Aces Hockey #2),Â£40.44,4,In stock
"Hawkeye, Vol. 1: My Life as a Weapon (Hawkeye #1)",Â£45.24,3,In stock
Having the Barbarian's Baby (Ice Planet Barbarians #7.5),Â£34.96,4,In stock
"Giant Days, Vol. 1 (Giant Days #1-4)",Â£56.76,4,In stock
"Fruits Basket, Vol. 1 (Fruits Basket #1)",Â£40.28,5,In stock
Forever Rockers (The Rocker #12),Â£28.80,3,In stock
Fighting Fate (Fighting #6),Â£39.24,3,In stock
"Eat, Pray, Love",Â£51.32,3,In stock
Deep Under (Walker Security #1),Â£47.09,5,In stock
Choosing Our Religion: The Spiritual Lives of America's Nones,Â£28.42,4,In stock
Charlie and the Chocolate Factory (Charlie Bucket #1),Â£22.85,3,In stock
Bright Lines,Â£39.07,5,In stock
Bounty (Colorado Mountain #7),Â£37.26,4,In stock
Blood Defense (Samantha Brinkman #1),Â£20.30,3,In stock
"Bleach, Vol. 1: Strawberry and the Soul Reapers (Bleach #1)",Â£34.65,5,In stock
"Ajin: Demi-Human, Volume 1 (Ajin: Demi-Human #1)",Â£57.06,4,In stock
A Spy's Devotion (The Regency Spies of London #1),Â£16.97,5,In stock
"1,000 Places to See Before You Die",Â£26.08,5,In stock
